mer. avr. 02 23:08:48 CEST 2014;@YessicaAguayo15;Raspberry;Teaüëå
mer. avr. 02 23:08:43 CEST 2014;@Spock444;Arduino:;Open;Hardware;at;10;;;|;;http://tco/B0xkMX2oWV
mer. avr. 02 23:08:38 CEST 2014;@robbydom3;Razberry;:;Transformez;votre;Raspberry;en;serveur;de;domotique;http://tco/HHkXVk0l9F;via;RT;feedlyYannVignolet
mer. avr. 02 23:08:33 CEST 2014;@taylorhaam;I;left;my;raspberry;almonds;in;the;car;dammit;üò©
mer. avr. 02 23:08:16 CEST 2014;@Spock444;DIY;3D;Printing:;T-Bone;high;performance;3d;printing;and;CNC;BeagleBone;cape;|;@scoopit;via;@rapidprototypin;http://tco/wsUHGhCmGY
mer. avr. 02 23:08:06 CEST 2014;@_gawgeouss;raspberry;cheesecake;cookies;are;bomb
mer. avr. 02 23:08:02 CEST 2014;@npm_tweets;pi-spi;087;https://tco/ZFeqKa34mN;Simple;async;SPI;library;for;Raspberry;Pi
mer. avr. 02 23:07:50 CEST 2014;@BrreaKerr;@Chesko;When;Raspberry;Pi;Isnt;Enough:;Behold;the;Open;Source;Laptop;http://tco/9SNqTGk6Jc;via;@mashable
mer. avr. 02 23:07:50 CEST 2014;@LostBoyO__o;Srsly;craving;some;raspberry;Icecream;üòî
mer. avr. 02 23:07:45 CEST 2014;@blonderunner;Bunny;face;chocolate;suckers;-special;flavors;are;dark;chocolate;raspberry;peppermint;and;birthday‚Ä¶;http://tco/flBMbd9VXS
mer. avr. 02 23:07:35 CEST 2014;@Dark_Shredder;#Noticias;Armiga;o;c√≥mo;revivir;el;Commodore;Amiga;gracias;a;la;Raspberry;Pi;http://tco/DbQMn7GEsw;#Actualidad
mer. avr. 02 23:07:22 CEST 2014;@ashnickerson84;Raspberry;cream;cheese;cookies;http://tco/jcRXA6mprJ
mer. avr. 02 23:07:10 CEST 2014;@SweetRepeats1;Dolce;&;Gabbana;strapless;raspberry;lace;dress;size;42;#designer;#dolcegabbana;#sweetrepeats‚Ä¶;http://tco/kcWJkA8yQI
mer. avr. 02 23:07:08 CEST 2014;@Jammie_Jaspers;Garden;of;Life;Organic;Perfect;Food;Chocolate;Raspberry;225oz;Bars;12;Count;http://tco/D1SCiC0yjC
mer. avr. 02 23:07:06 CEST 2014;@mfcompany;Raspberry;‚Äú@BloombergNews:;BlackBerry;to;end;sales;contract;with;T-Mobile;after;spat:;http://tco/B0xhZPMBZS‚Äù
mer. avr. 02 23:07:02 CEST 2014;@EliFitch;@jshawl;I;name;mine;after;famous;racing;drivers:;Fangio;Clark;Senna;Whenever;it;arrives;my;raspberry;pi;will;be;called;Lauda
mer. avr. 02 23:06:59 CEST 2014;@dunbarlauren;@ShannonJaggard;hell;yeah!!;Bagsee;a;raspberry;one
mer. avr. 02 23:06:34 CEST 2014;@TheHandbagNews;RT;@homeshopbuzz:;#handbag;#fashion;#style;http://tco/s19GWp6Tye;NWT;Authentic;COACH;19299;KRISTIN;HOBO;HANDBAG;Raspberry;Crossb;http:/‚Ä¶
mer. avr. 02 23:06:25 CEST 2014;@Spock444;Unlocking;your;Computer;with;a;Leonardo;and;an;NFC;Shield;|;;;via;@ctm_eu;http://tco/dDtjynyGAt
mer. avr. 02 23:06:10 CEST 2014;@ANAKNEZEVIC1;RT;@RomeritoTheGame:;Raspberry;PI;Review;By;RelativeSoft;Tech;Blog;http://tco/IE6KG4MF30
mer. avr. 02 23:06:08 CEST 2014;@Raspberry_Angel;Today;stats:;3;followers;2;unfollowers;and;followed;one;person;via;http://tco/VsAwOg8Bgy
mer. avr. 02 23:06:01 CEST 2014;@Microkits;CAJA;PL√ÅSTICA;PARA;RASPBERRY;Ver;mas;en:;http://tco/dEI5QHsWeY;http://tco/nN800OO9V4
mer. avr. 02 23:05:43 CEST 2014;@batrentham;Lemon;Raspberry;Chia;Pudding;-;http://tco/3Ug6ItANam;via;@TheHealthyMaven
mer. avr. 02 23:05:21 CEST 2014;@Ursaminorbakery;Some;fun;baking;tonight;with;friends;and;family;Plain;and;raspberry;donuts;Great!;http://tco/Syiivd1CQK
mer. avr. 02 23:04:42 CEST 2014;@moneyfiverr;RT;@RomeritoTheGame:;Raspberry;PI;Review;By;RelativeSoft;Tech;Blog;http://tco/vaqmzqI4om
mer. avr. 02 23:04:37 CEST 2014;@Doris725;#7:;Getting;Started;with;Sensors:;Measure;the;World;with;Electronics;Arduino;and;Raspberry;Pi;;http://tco/UcAWB5qCTq
mer. avr. 02 23:03:38 CEST 2014;@its_jakeross;Sonic;has;1392085;different;slushie;combinations;but;dont;have;blue;raspberry;#mindblown;#dafuck;http://tco/jdqRwrJM4b
mer. avr. 02 23:03:23 CEST 2014;@CoastMagOC;Are;you;a;fan;of;raspberries?;We;have;a;saucy;raspberry;coulis;recipe;just;for;you:;http://tco/CXVBNQtbMe;#recipe;#Raspberry
mer. avr. 02 23:03:16 CEST 2014;@Nevaeh_Michelle;RT;@Sir_Deveraux:;@SUBWAY;s;raspberry;cheesecake;cookies!!!;>>>>>>>>>>>;Can;I;get;a;life;time;supply;please???!!!
mer. avr. 02 23:03:03 CEST 2014;@foodblogsites;Raspberry;Twists;BakersRoyale;FoodBlogs;http://tco/Hha6Gn1S8B
mer. avr. 02 23:02:55 CEST 2014;@pearljchoe1217;RT;@driscollsberry:;These;Raspberry;Sweet;Potato;Cakes;would;be;great;as;an;app;snack;or;for;#lunch!;Dont;forget;the;Honey;Sour;Cream!;h‚Ä¶
mer. avr. 02 23:02:40 CEST 2014;@DonTomas5150;@DrinkAriZona;Arnold;Palmer;Raspberry;half;and;half
mer. avr. 02 23:02:40 CEST 2014;@mjweedfeed;Cutting;Raspberry;Ripple;Hemp;Oil;Silk;Soap;‚Äì;YouTube;WeLoveTheHerb;PotNews;http://tco/umQ5d1bNvF
mer. avr. 02 23:02:29 CEST 2014;@Kasey_Edwards95;Mr;raspberry;was;actually;nice;and;gave;me;a;paper;warning;instead;of;those;stupid;stickers
mer. avr. 02 23:02:13 CEST 2014;@Jasmine_katee;#Very;#berry;#tea;#after;#my;#workout;#strawberry;#blueberry;#raspberry;#tastes;#so;#good;üòç;http://tco/LEnjpeHrL5
mer. avr. 02 23:01:56 CEST 2014;@brassic_lint;Just;got;my;first;@nodejs;app;working;on;the;@Raspberry_Pi;#awesomesauce
mer. avr. 02 23:01:52 CEST 2014;@MacKidWarren;RT;@JustEnza:;Frozen;Inspired;Blue;Raspberry;Lemonade;Rice;Crispy;Treats;Recipe!;;#Recipe;-->;http://tco/ibE33mbsoL;http://tco/3I9FuHA3z7
mer. avr. 02 23:01:50 CEST 2014;@amcewen;RT;@MCQN_Ltd:;Pretty;happy;with;our;laser-cut;adjustable;@raspberry_pi;camera;mount;too;/cc;@DoESLiverpool;#weeknotes;http://tco/MvbC2Pz23l
mer. avr. 02 23:01:35 CEST 2014;@HayRosieNYC;Future;#raspberry;swirl;#fruitaspirations;#icecreamstar;http://tco/k8Zv4C2zVL
mer. avr. 02 23:01:35 CEST 2014;@maddiiegrace;Annie;is;amazed;that;there;is;an;actual;lime;in;raspberry;lime;rickies
mer. avr. 02 23:01:29 CEST 2014;@MCQN_Ltd;Pretty;happy;with;our;laser-cut;adjustable;@raspberry_pi;camera;mount;too;/cc;@DoESLiverpool;#weeknotes;http://tco/MvbC2Pz23l
mer. avr. 02 23:01:29 CEST 2014;@RaspberryPiMx;Intel;presenta;MinnowBoard;MAX;la;alternativa;x86;a;Raspberry;Pi;-;http://tco/9sepFg8PhP;http://tco/o1GMUavd85
mer. avr. 02 23:01:27 CEST 2014;@uaa;#MSX30th;ÁõÆÊåá„Åô„ÅØMSX!;Raspberry;Pi;„Çà„ÇäÂÆâ‰æ°„Å™;Ichigo;Jam;Áô∫Ë°®ÔºÅ;http://tco/2rpwbVa57P
mer. avr. 02 23:01:22 CEST 2014;@ginafelder1;Whipped;soap;sugar;scrub;pink;sugar;or;raspberry;lemonade;#soaps;#organic;#natural;#love;#family;#fun;http://tco/WQrwqpOy7z
mer. avr. 02 23:01:15 CEST 2014;@alyson9082;#9:;Bath;&;Body;Works;RASPBERRY;PEACH;MACARON;3;wick;145;oz;scented;candle;2014;Sweet;Shop;collection;;http://tco/tYvBDuwfAV
mer. avr. 02 23:01:09 CEST 2014;@Nutfreetreats;GF;Chocolate;Raspberry;Cupcake;;GF;Chocolate;Cake;Fresh;Raspberry;Compote;Filling;;Chocolate;Buttercream;Icing;http://tco/x83EqHMPet
mer. avr. 02 23:01:06 CEST 2014;@AlisonShaffer;RT;@JustEnza:;Frozen;Inspired;Blue;Raspberry;Lemonade;Rice;Crispy;Treats;Recipe!;;#Recipe;-->;http://tco/ibE33mbsoL;http://tco/3I9FuHA3z7
mer. avr. 02 23:00:55 CEST 2014;@DC_Automate;Daves;Raspberry;Pi;has;just;started;playing;Resurrection;1x02;Unearth;http://tco/DXKjfU3aTK;#trakt
mer. avr. 02 23:00:53 CEST 2014;@Lil_Baiser;ÊàëÂñúÊ¨¢‰Ω†!‚ô•(@Raspberry_YHS2)
mer. avr. 02 23:00:30 CEST 2014;@MelEvePhillips;Just;had;the;raspberry;schnapps;from;#Slovakia;That;extra;20%;makes;all;the;difference!;üòóüò≥
mer. avr. 02 23:00:27 CEST 2014;@DC_Automate;Daves;Raspberry;Pi;has;just;finished;watching;Person;of;Interest;3x18;Allegiance;http://tco/DfRGddAdHj;#trakt
mer. avr. 02 23:00:22 CEST 2014;@PeterZagone;Pi;SAFE;for;the;Raspberry;Pi!!!/http://tco/NRxk0okfTehttp://tco/0ulIuhbFYm
mer. avr. 02 23:00:16 CEST 2014;@fanybot;„ÇÇ„Éº„Çì„Å®„Åã„Çè„ÅÑ„ÅÑ„ÅÆ„Åå;6;ÊôÇ„ÅÆÂ§©Ê∞ó‰∫àÂ†±„ÉºÔºÅ„Äê;Ê®™Êµú„ÉªÂ∑ùÂ¥é;„ÄëÂú∞Êñπ„ÅÆ‰ªäÊó•„ÅÆÂ§©Ê∞ó„ÅØ;Èõ®ÊôÇ„ÄÖÊõá;-;16‚ÑÉ/12‚ÑÉ;„ÄÅË≠¶Â†±„ÉªÊ≥®ÊÑèÂ†±„ÅØ„ÅÇ„Çä„Åæ„Åõ„Çì„Åß„Åô„ÇÇ„Çì„Éº„ÄÇ(with;Raspberry;Pi/CPU;Temp;51;‚ÑÉ)
mer. avr. 02 23:00:10 CEST 2014;@astx813;Raspberry;Coffee;Stout?;That;Cannot;Be;she;said;May;I;prove;you;wrong;I;asked;Then;I;proved;her;wrong;and;she;bought;one;#winning
mer. avr. 02 23:00:07 CEST 2014;@rpbry;Uptime:;21;days;2:40:42800000;Ambient:;9562;¬∞C;CPU:;449;¬∞C;Powered;by;Raspberry;Pi
mer. avr. 02 23:00:07 CEST 2014;@JM4PTF_RasPi;JM4PTFs;Raspberry;Pi;CPU;temp=433C;;Room;temperature;2025;C;(;at;2014-04-03;06:00:02;+0900;)
mer. avr. 02 23:00:04 CEST 2014;@Solar_Raspberry;02/04/2014;21:00:02;-;Battery;Voltage;=;1192V
mer. avr. 02 22:59:46 CEST 2014;@LaingHome;RT;@NedTheMerciless:;Jaguar;ZB615;;Raspberry;Ripple;of;ETPS;seen;at;Fairford;1987;Old;film;scan;http://tco/scy7MSUzw7
mer. avr. 02 22:59:45 CEST 2014;@liliarobindante;@raspberry_tom;@bubbysharma;;miss;you;friends;http://tco/vJkyymtNkv
mer. avr. 02 22:59:26 CEST 2014;@muffnman;Seriously?;Someone;stole;the;Raspberry;Pi;in;the;Rubin;Hall;Athletics;Lounge?;(but;left;the;fully;functional;small;form;factor;PC?)
mer. avr. 02 22:59:23 CEST 2014;@monamour555;RT;@basictomonokai:;ÁõÆÊåá„Åô„ÅØMSX!;Raspberry;Pi;„Çà„ÇäÂÆâ‰æ°„Å™;Ichigo;Jam;Áô∫Ë°®ÔºÅhttp://tco/XquKeMQQ4G
mer. avr. 02 22:59:15 CEST 2014;@zambaket;l;sangue;dei;pistoleri;feriti;nei;vecchi;filmz;western;√®;*pure;raspberry;juice*;spettacolo
mer. avr. 02 22:59:13 CEST 2014;@Callmehailss;Or;a;raspberry;lemonade;slush;from;sonic
mer. avr. 02 22:59:09 CEST 2014;@Sepa007;Raspberry;Pi;Quake;III;Bounty;Claimed;good;read;http://tco/gndI3mOEqA
mer. avr. 02 22:59:08 CEST 2014;@DummieBear510;Raspberry;kush;x;lemon;kush;=;raspberry;lemonade;blunt
mer. avr. 02 22:58:54 CEST 2014;@homeshopbuzz;#handbag;#fashion;#style;http://tco/s19GWp6Tye;NWT;Authentic;COACH;19299;KRISTIN;HOBO;HANDBAG;Raspberry;Crossb;http://tco/5VBUNJ1YFm
mer. avr. 02 22:58:50 CEST 2014;@aldeheme;ÿ∑ŸÑÿßÿ®;ŸÅŸä;ÿ¨ÿßŸÖÿπÿ©;ÿßŸÑÿ•ŸÖÿßŸÖ;;;ÿ≥ÿ£ŸÑŸàŸÜŸä;ÿπŸÜ;ŸÅŸÉÿ±ÿ©;ŸÑŸÖÿ¥ÿ±Ÿàÿπ;ÿ™ÿÆÿ±ÿ¨ŸáŸÖ;ŸÇŸÑÿ™;ŸÑŸáŸÖ;ÿπŸÜ;raspberryÿßŸÑÿ¢ŸÜ;ŸáŸÖ;ÿ∑Ÿàÿ±;ÿßŸÑÿ™ŸÜŸÅŸäÿ∞;Ÿàÿ™ŸÖ;ÿ™ÿ±ÿ¥Ÿäÿ≠ŸáŸÖ;;ŸÑŸÖÿ≥ÿßÿ®ŸÇÿ©;ÿ≤ÿßŸäÿØ;ŸÅŸä;ÿØÿ®ŸäÿßŸÑŸÑŸá;ŸäŸàŸÅŸÇŸáŸÖ
mer. avr. 02 22:58:47 CEST 2014;@Callmehailss;I;just;really;want;a;raspberry;lemon;Snowcone
mer. avr. 02 22:58:29 CEST 2014;@EdgarMarwick;@KerryKatona7;@mrgsjkay;sex;or;raspberry;tea;Get;you;goingif;all;fails;then;vindaloo;thats;what;got;me;#Goodluck
mer. avr. 02 22:58:14 CEST 2014;@cierawilson18;DrOz;--;Recommended;100%;Pure;African;Mango;&;Raspberry;Ketone;Diet;Superblend;Burn;Fat;&;Get;;http://tco/lR2y2w9qt9
mer. avr. 02 22:58:03 CEST 2014;@ChicagoCousin;RT;@MichaelGemma:;@haymarketbeer;says;An;American;Wheat;ale;brewed;w/;Pear;&;Raspberry;juice!;Loads;of;fruit;Its;fruity;Like;pink;and;‚Ä¶
mer. avr. 02 22:57:53 CEST 2014;@celinabbas;Raspberry;Macaroons;>;any;other;sweetsüíóüíóüíó
mer. avr. 02 22:57:40 CEST 2014;@earldauley;Expired;milk;>;taxes;>;getting;your;car;plowed;into;a;snowbank;>;raspberry;rubinoff;>;Jason;Statham;movies
mer. avr. 02 22:57:36 CEST 2014;@ChocLimSuc;RT;@Pierre_HermeLDN:;Colourful;Montebello;combines;a;tart;raspberry;compote;with;pistachio:;a;perfect;blend;of;tastes;¬©BernhardWinkelmann;‚Ä¶
mer. avr. 02 22:57:33 CEST 2014;@FrankS;Ach;da;war;ja;noch;was;Quake;3;auf;dem;rasperry;PI;geht;jetzt;dann;auch;-);http://tco/4U4DX9usHc;/cc;@renehamburg
mer. avr. 02 22:57:28 CEST 2014;@YoDaylinn;Raspberry;beer;üç∫;http://tco/wXfPMSlCiO
mer. avr. 02 22:57:23 CEST 2014;@_cameron99;I;should;have;gotten;a;soft;raspberry;drama;sweater;tbh
mer. avr. 02 22:57:16 CEST 2014;@MichaelGemma;@haymarketbeer;says;An;American;Wheat;ale;brewed;w/;Pear;&;Raspberry;juice!;Loads;of;fruit;Its;fruity;Like;pink;and;fruity;Its;pink
mer. avr. 02 22:57:01 CEST 2014;@Ci_Red;@AlastairNeale;@feeryanlike;@jacksonkeith89;I;make;a;mean;fairy;cake;wit;raspberry;cremeicing!;From;1;teacher;2;anotherlets;do;T&Cakes;x
mer. avr. 02 22:56:58 CEST 2014;@OlivierRaffard;When;Raspberry;Pi;Isnt;Enough:;Behold;the;Open;Source;Laptop;http://tco/J3ZTZKih30
mer. avr. 02 22:56:57 CEST 2014;@kcdean93;@VivaLa_E;asiago;pretzel;and;raspberry;lemonade;tea;or;something;like;that;lol;It;was;delish;indeed!
mer. avr. 02 22:56:18 CEST 2014;@vickylindsayx;Just;ate;half;a;tub;of;Ben;&;Jerrys;raspberry;frozen;yoghurt;but;the;chocolate;chunks;are;too;big;so;I;only;got;like;3;üò≠üò≠
mer. avr. 02 22:56:14 CEST 2014;@AlongiVictoria;Dont;you;just;love;a;good;raspberry;iced;tea;üòãüçπ
mer. avr. 02 22:56:04 CEST 2014;@geek_san;La;MinnoBoard;MAX;le;Raspberry;Pi;selon;Intel;http://tco/K2ILRXokGW
mer. avr. 02 22:55:57 CEST 2014;@Holy07march;RT;@NUTRITlON:;Raspberry;&;lemon;water;http://tco/32NJZ1Syfj
mer. avr. 02 22:55:51 CEST 2014;@Courtney_Rafter;Cran-raspberry;juice;üëåüëå
mer. avr. 02 22:55:49 CEST 2014;@_cameron99;RT;@gattjoey:;I;only;date;girls;who;wear;soft;raspberry;;tbh
mer. avr. 02 22:55:37 CEST 2014;@goatandcompass;$200;Bud;Lt;Bottles;$275;ALL;Import;Bottles;$450;ALL;Things;Jack;$450;Raspberry;Bombs;CFCHL;@;7:00;http://tco/M58KjHUpmc
mer. avr. 02 22:55:18 CEST 2014;@KatMcKeeTweets;@KatieKitty182;it;was;a;try;it;and;see;moment;but;the;Aldi;fizzy;raspberry;is;ace!
mer. avr. 02 22:55:13 CEST 2014;@ElleCapone38;Raspberry;Sourpuss;and?
mer. avr. 02 22:55:11 CEST 2014;@avaoxia;Hey!;The;Tough;Cookie;is;giving;away;a;$50;Amazon;Gift;Card!;Check;it;out;here;-;;http://tco/oMNhnp9fCS
mer. avr. 02 22:55:08 CEST 2014;@_RENNing;RT;@WEEZYonYourTL:;blue;raspberry;is;the;best;flavor;ever
mer. avr. 02 22:54:55 CEST 2014;@penguintutor;Interesting;@STEMNET;meeting;today;@WycheInnovation;-;;Great;STEM;and;@Raspberry_Pi;activities;happening;in;Malvern
mer. avr. 02 22:54:54 CEST 2014;@squeaky_burger;@alanjamesheidem;Thank;you;sir!;Try;a;burger;with;a;raspberry-chipotle;sauce;its;squeaky!
mer. avr. 02 22:54:51 CEST 2014;@rosie1481;Smoothie;after;netball!;#raspberry;#smoothie;#healthy;#homemade;#refreshing;#netball;#exercise;#fun;http://tco/IMRiPxbLBv
mer. avr. 02 22:54:37 CEST 2014;@amyperkins84;So;excited;to;have;been;chosen;to;attend;the;first;every;Pi;academy!;#Piacadmy;@Raspberry_Pi
mer. avr. 02 22:54:31 CEST 2014;@CerysCallcut;Im;a;raspberry;starburst;);:)
mer. avr. 02 22:54:28 CEST 2014;@gattjoey;I;only;date;girls;who;wear;soft;raspberry;;tbh
mer. avr. 02 22:54:27 CEST 2014;@cymplecy;@fortyfourMu;http://tco/bJiCFS2ZAM;seems;a;bit;strange/broken
mer. avr. 02 22:54:20 CEST 2014;@PatrickAubin1;RT;@paigerankin:;I;could;go;for;a;raspberry;frozen;yogurt;from;Sunnys;right;about;now;‚ù§Ô∏è‚ù§Ô∏è‚ù§Ô∏è;#seeyoufriday
mer. avr. 02 22:54:19 CEST 2014;@PCCoCurricular;@PrincethorpeDT;@Raspberry_Pi;super;work!
mer. avr. 02 22:54:12 CEST 2014;@dannnimileees;RT;@MyFishAteJaws:;raspberry;yogurts;are;the;one
mer. avr. 02 22:53:58 CEST 2014;@paigerankin;I;could;go;for;a;raspberry;frozen;yogurt;from;Sunnys;right;about;now;‚ù§Ô∏è‚ù§Ô∏è‚ù§Ô∏è;#seeyoufriday
mer. avr. 02 22:53:58 CEST 2014;@smithjordan194;Raspberry;lemon;slush;üòçüòç‚òÄ‚òÄ‚òÄ
mer. avr. 02 22:53:57 CEST 2014;@GemmaRoberts9;@simes747;hoorah!!;Raspberries;shall;prevaileventuallyprobably;Ha;ha;ha;Raspberry;protein;is;quite;rightly;top;of;the;list
mer. avr. 02 22:53:56 CEST 2014;@bejby1982;Im;in;love;üíó;California;raspberry;by;#opi;#nails;#nailaddict;#nailpolish;#nailjunkie;#ilovenails‚Ä¶;http://tco/Md2HO7Sjs1
mer. avr. 02 22:53:48 CEST 2014;@kamencesc;Controla;amb;la;veu;els;dispositius;de;casa;teva;http://tco/rqI105mNq8;@RaspberryCatala
mer. avr. 02 22:53:19 CEST 2014;@MacKidUpland;RT;@JustEnza:;Frozen;Inspired;Blue;Raspberry;Lemonade;Rice;Crispy;Treats;Recipe!;;#Recipe;-->;http://tco/ibE33mbsoL;http://tco/3I9FuHA3z7
mer. avr. 02 22:53:11 CEST 2014;@ka_ritan;@raspberry_bar;„Åä„ÅØ„ÇáŸ©(‡πë>‚àÄ<‡πë)€∂‰ªäÊó•„ÇÇ„Çà„Çç„Åó„Åè„Å´„ÇÉ‚ãÜ‚ëÖ‚ú©*‡•∞¬®ÃÆ
mer. avr. 02 22:53:02 CEST 2014;@samm_greco;raspberry;cheesecake;cookies;from;subway;are;perfectionüòç
mer. avr. 02 22:52:54 CEST 2014;@54BROWNEYEZ;RT;@YaBoyDMoneyMGE:;white;girls;be;likeill;have;one;triple;mocha;dark;chocolate;ugg;boot;raspberry;white;iphone;5;double;caramel;infinity;‚Ä¶
mer. avr. 02 22:52:31 CEST 2014;@BeUnlike;RT;@JournalDuGeek:;La;#MinnoBoard;Max;le;#Raspberry;Pi;selon;#Intel;http://tco/KaxlodgEdS
mer. avr. 02 22:52:26 CEST 2014;@charlievaudin;Mamas;Birthday;Cake;‚ò∫;#creamcheese;#raspberry;#candles;#birthday;http://tco/7AOPpmYyAv
mer. avr. 02 22:52:24 CEST 2014;@kathyknoxkkp;Raspberry;White;Chocolate;DanishesThese;they;are;low;in;calories;Only;115;calories;per;Danish;Makes;8;http://tco/k6zAdeezov
mer. avr. 02 22:51:48 CEST 2014;@gibbyincolor;raspberry;green;tea;from;sonic;üòç
mer. avr. 02 22:51:43 CEST 2014;@BookSwag1;Hey!;The;Tough;Cookie;is;giving;away;a;$50;Amazon;Gift;Card!;Check;it;out;here;-;;http://tco/Oetxfpi46X
mer. avr. 02 22:51:30 CEST 2014;@MyFishAteJaws;raspberry;yogurts;are;the;one
mer. avr. 02 22:51:03 CEST 2014;@luislujandb;RT;@SummerFoust:;Raspberry;slushies;r;life;omg;happinessüòõ
mer. avr. 02 22:50:54 CEST 2014;@2chefs1home;Amaretto;liquor;coffee;and;fresh;Raspberry;Croissant;Yes;Please;&;Thank;You;Cest;La;Vie;http://tco/9FmkI8N39a
mer. avr. 02 22:50:50 CEST 2014;@raspberry_xxx;RT;@FLAPPYEVANS:;SPALI≈Å;PLECYPRZY;S≈ÅONECZKU;Z;GADU;GADU
mer. avr. 02 22:50:47 CEST 2014;@UCDSTUDENTCENTR;RT;@NovaUCD:;Looking;forward;to;@EbenUptons;#easyaspi;talk;in;UCD;this;afternoon;@UCDSTUDENTCENTR;@ucddublin;@Raspberry_Pi
mer. avr. 02 22:50:45 CEST 2014;@raspberry_xxx;RT;@FLAPPYEVANS:;RODZICE;MY≈öLELI;≈ªE;TA≈ÉCZY;HARLEM;SHAKEMIA≈Å;ATAK;PADACZKI
mer. avr. 02 22:50:45 CEST 2014;@raspberry_xxx;RT;@FLAPPYEVANS:;OGLƒÑDA≈Å;MECZ;W;TVDOSTA≈Å;PI≈ÅKƒÑ;W;G≈ÅOWƒò
mer. avr. 02 22:50:43 CEST 2014;@raspberry_xxx;RT;@FLAPPYEVANS:;POJECHA≈Å;Z;RODZICAMI;NA;ZAKUPYSPRZEDALI;GO
mer. avr. 02 22:50:42 CEST 2014;@martin_eri;Baking;a;tart;aint;easyPoppet;and;Piglet;Eat:;Love;is:;A;Raspberry;and;Almond;Tart;http://tco/HwA3Ak9bSM
mer. avr. 02 22:50:42 CEST 2014;@UCDSTUDENTCENTR;RT;@UCDinnovation:;Great;turnout;at;UCD;for;the;@ebenupton;talk;on;#EasyAsPi;@raspberry_pi;@UCDSTUDENTCENTR;@ucddublin
mer. avr. 02 22:50:36 CEST 2014;@Gaming_Chiaki;@realizuru;;[blows;a;raspberry;at;him]
mer. avr. 02 22:50:29 CEST 2014;@raspberry_xxx;RT;@FLAPPYEVANS:;KAMIE≈É;SPAD≈Å;MU;Z;SERCAPRZEDZIURAWI≈Å;MU;≈ªO≈ÅƒÑDEK
mer. avr. 02 22:50:27 CEST 2014;@TheRealSchitty;Frosty;mug;raspberry;lemonade;RT;‚Äú@SLIM__G00DIE:;Whats;this?;And;why;isnt;there;any;in;my;cup??;RT;@TheRealSchitty:;http://tco/uNoK6oaAPL
mer. avr. 02 22:50:21 CEST 2014;@raspberry_xxx;RT;@FLAPPYEVANS:;ZAPALA≈Å;ZNICZPODPALI≈Å;CMENTARZ
mer. avr. 02 22:50:20 CEST 2014;@raspberry_xxx;RT;@FLAPPYEVANS:;DOSTAWA≈Å;W;SZKOLE;SAME;6TO;BY≈ÅA;NIEMIECKA;SZKO≈ÅA
mer. avr. 02 22:50:03 CEST 2014;@Nataliebeckx;@PaulaKerrr;@ChezyMartin;they;say;to;eat;spicy;food;have;sex;raspberry;tea?;Am;sure;if;one;And;eating;pineapple;locxxxxx
mer. avr. 02 22:49:47 CEST 2014;@FoodGays;Chocolate;tart;with;orange;vanilla;bean;cream;and;raspberry;with;a;swiss;meringue;to;top;http://tco/ewLOAQ5LTN
mer. avr. 02 22:49:39 CEST 2014;@elliottcoastal;Raspberry;Swirl;Cheesecake;Cupcakes;http://tco/EJSvAKZQe0
mer. avr. 02 22:49:36 CEST 2014;@Mennel79;Ways;of;raspberry;@tomgore5;@smokeoneforpac;#foodporn;http://tco/u585PkEJji
mer. avr. 02 22:49:32 CEST 2014;@raspberry_xxx;RT;@FLAPPYEVANS:;MIA≈Å;WYMY≈öLONƒÑ;DZIEWCZYNEZDRADZI≈ÅA;GO
mer. avr. 02 22:49:25 CEST 2014;@yachachiq;Weekend;Projects;-;Raspberry;Pirate;Radio;http://tco/vdZikNeH2k
mer. avr. 02 22:49:24 CEST 2014;@JocelynLuckie;Raspberry;lemon;water;is;delicious;üòã
mer. avr. 02 22:49:23 CEST 2014;@raspberry_xxx;RT;@FLAPPYEVANS:;KUPI≈Å;LOS;KA≈ªDY;LOS;WYGRYWAPRZEGRA≈Å
mer. avr. 02 22:49:19 CEST 2014;@AldoRitmo;Mains;Control;Wirelessly;with;Raspberry;Pi;-Add;on;board;http://tco/zFexC7yNzo;http://tco/Dp5rTl5mqx
mer. avr. 02 22:49:13 CEST 2014;@Voiceiscomfort1;RT;@NUTRITlON:;Raspberry;&;lemon;water;http://tco/32NJZ1Syfj
mer. avr. 02 22:49:08 CEST 2014;@Ryi10;I;really;love;blue;raspberry;dum;dums;cause;I;just;bought;15;of;them;for;$1;üòÅ
mer. avr. 02 22:49:07 CEST 2014;@raspberry_xxx;RT;@FLAPPYEVANS:;P≈ÅYNƒÑ≈Å;≈ªABKƒÑZJAD≈Å;GO;BOCIAN
mer. avr. 02 22:48:57 CEST 2014;@raspberry_xxx;RT;@FLAPPYEVANS:;ZJAD≈Å;CRUNCHIPSNIE;BY≈ÅO;IMPREZY
mer. avr. 02 22:48:54 CEST 2014;@raspberry_xxx;RT;@FLAPPYEVANS:;POWIESI≈Å;SIƒòNA;PASKU;ZADA≈É;WINDOWS
mer. avr. 02 22:48:47 CEST 2014;@txpxngx;RT;@OhMyMisty:;@txpxngx;try;a;raspberry;caramel;macchiato;it;looks;good;^_^
mer. avr. 02 22:48:44 CEST 2014;@raspberry_xxx;RT;@FLAPPYEVANS:;POTKNƒÑ≈Å;SIƒò;GDY;WPAD≈ÅNA;POMYS≈Å
mer. avr. 02 22:48:40 CEST 2014;@aitpvcu;AITP;members;working;on;a;raspberry;pi;project;right;now;in;B4222!!;#vcu;#aitp;#rasberrypi;http://tco/Ks5hAJyCWW
mer. avr. 02 22:48:37 CEST 2014;@raspberry_xxx;RT;@FLAPPYEVANS:;MA;ALERGIƒò;NA;TLEN
mer. avr. 02 22:48:37 CEST 2014;@iBeacon_bot;bluetooth;-;iBeacon;on;Raspberry;Pi;is;configured;but;why;is;it;not;visible?;-;Stack;Overflow;http://tco/FPIPOu6R6J
mer. avr. 02 22:48:29 CEST 2014;@simes747;Working;on;the;raspberry;protein;hypothesis;@GemmaRoberts9;will;get;this
mer. avr. 02 22:48:26 CEST 2014;@gabrieldbarnes;RT;@clivebeale:;Frome;Community;Colleges;@raspberry_pi;Plant;Pi:;Year;7-11;winner;at;#PiAwardsPA;&;on;@ClareSutcliffes;want;list;:);http:‚Ä¶
mer. avr. 02 22:48:24 CEST 2014;@BoooootyK;@hdrayson;@youngerm;armed;wit;birthing;ball;n;raspberry;leaf;tea;just;need;the;special;potion;from;@BAsportsmassage;n;im;a;happy;chick!
mer. avr. 02 22:48:18 CEST 2014;@PayneAndPancake;*Raspberry;ice-cream*YES;YES;YES;YES
mer. avr. 02 22:47:50 CEST 2014;@AlarnaAW;@possiblyperfect;says;the;one;taking;raspberry;ketone**
mer. avr. 02 22:47:44 CEST 2014;@Chloe_Kavanaghx;@beccasimp;@Laurenzoooooooo;cookie;dough;raspberry;and;white;choc;peanut;butter;and;choc;brownie;x
mer. avr. 02 22:47:43 CEST 2014;@jgolduk;Mains;Control;Wirelessly;with;Raspberry;Pi;-Add;on;board;I;am;backing;this;project;on;#kickstarter;http://tco/NqBW1JtDbV
mer. avr. 02 22:47:22 CEST 2014;@KyleMcCain_55;RT;@ItsYaBoy_Trigga:;Powerade;Raspberry;Lemonade;slush;from;Sonic;is;üòçüî•üòçüî•
mer. avr. 02 22:47:21 CEST 2014;@theprophetniall;Photo:;white;IPA;and;raspberry;beermosa;http://tco/E2SEREKnEu
mer. avr. 02 22:47:05 CEST 2014;@chantellegrace7;Enjoying;a;vodka;and;raspberry;after;a;circuits;gym;class;Most;deserved;üëåüçπ
mer. avr. 02 22:47:05 CEST 2014;@OhMyMisty;@txpxngx;try;a;raspberry;caramel;macchiato;it;looks;good;^_^
mer. avr. 02 22:46:55 CEST 2014;@miniatureperson;Yummy;pudding;of;banana;with;peanut;butter;and;raspberry;and;yogurt;:);http://tco/unFQ06e5m6
mer. avr. 02 22:46:54 CEST 2014;@CWassmann;@Charlissa_titus;raspberry;lime;spritzer
mer. avr. 02 22:46:30 CEST 2014;@wdadnews;Mains;Control;Wirelessly;with;Raspberry;Pi;-Add;on;board;http://tco/8AI1kvA0jV
mer. avr. 02 22:46:04 CEST 2014;@ItsYaBoy_Trigga;Powerade;Raspberry;Lemonade;slush;from;Sonic;is;üòçüî•üòçüî•
mer. avr. 02 22:46:00 CEST 2014;@JohanSalomonsso;Raspberry;pi;fast;i;f√•gelholken;http://tco/gZoqFMRxXx
mer. avr. 02 22:45:50 CEST 2014;@kittenpavv;if;this;orange;Julius;doesnt;sell;raspberry;white;tea;smoothies;Im;ending;it;all
mer. avr. 02 22:45:21 CEST 2014;@PinnacleOmaha;Yum;yum;yum;gluten-free;dark;chocolate;raspberry;brownies?;I;think;so!;http://tco/GMbh3zUjXh
mer. avr. 02 22:45:19 CEST 2014;@debrasdesigns;Raspberry;Cheesecake;http://tco/K1HXD9ETen;http://tco/aA3CdW2enp
mer. avr. 02 22:45:17 CEST 2014;@DC_Automate;Kats;Raspberry;Pi;has;just;started;watching;True;Blood;4x01;Shes;Not;There;http://tco/pA941D2lvx;#trakt
mer. avr. 02 22:45:07 CEST 2014;@raspberry_xxx;RT;@FLAPPYEVANS:;ZIGNOROWA≈Å;≈ÅA≈ÉCUSZEK;NA;NKNIE;≈ªYJE
mer. avr. 02 22:44:46 CEST 2014;@Adammd1961;@LydiaAswolf;@DottieHardin;@BobbeBrooks_;@garyalanhenson;@deruss45;@StoryRoute;@suedunn103;Love;Raspberry;pies;;Where;is;mine?;Lol
mer. avr. 02 22:44:32 CEST 2014;@GlobDesign;RT;@ReciPicks:;#Recipe:;Raspberry;Coulis;http://tco/vyMKSYSr1r
mer. avr. 02 22:44:24 CEST 2014;@raspberry_xxx;RT;@FLAPPYEVANS:;JEST;DALTONISTƒÑNA;URODZINY;DOSTA≈Å;KOSTKE;RUBIKA
mer. avr. 02 22:44:22 CEST 2014;@notsoproblogger;When;Raspberry;Pi;Isnt;Enough:;Behold;the;Open;Source;Laptop;http://tco/7w3ULzNR59
mer. avr. 02 22:44:18 CEST 2014;@Adammd1961;RT;@LydiaAswolf:;Razzle;Dazzle;Raspberry;Pies;in;Gratitude;to;@Adammd1961;@DottieHardin;@BobbeBrooks_;@garyalanhenson;@deruss45;@StoryRoute‚Ä¶
mer. avr. 02 22:44:18 CEST 2014;@raspberry_xxx;RT;@FLAPPYEVANS:;R≈ªNƒÑ≈Å;G≈ÅUPAJEST;W;ZAAWANSOWANEJ;CIƒÑ≈ªY
mer. avr. 02 22:44:15 CEST 2014;@Feqgbeko;ora;si;che;si;ragiona!;acquistato;Raspberry;Pi;RBCA000;Model;B;512Mb;RAM;tramite;@amazon;#RaspberryPi;http://tco/WcFkJMRNKv
mer. avr. 02 22:44:15 CEST 2014;@davegb3;She;wears;a;raspberry;beret;and;no;shoes!;Awesome;show;@RebeccaFMusic;;dont;ever;change!
mer. avr. 02 22:44:11 CEST 2014;@FBerryLicious;Fresh;in!!;Salted;Carmel;Corn;and;Pomegranate;Raspberry;Sorbet!
mer. avr. 02 22:44:09 CEST 2014;@bradbaylor;@lanemegan;I;saw;black;raspberry;on;the;shake;shoppe;sign;the;other;day;Go;try;it;for;me!
mer. avr. 02 22:44:08 CEST 2014;@ScreamEagleRest;This;week;by;the;recipe;of;the;famous;brothers;Roux:;FRENCH;LEMON;PIE;with;raspberry;sauce;and;cr√®me;fra√Æche;ice;http://tco/CXxrDVJ8YO
mer. avr. 02 22:43:16 CEST 2014;@SexxxyDreams;-;Key;Collection;lo;Mini;Silicone;Vibrator;Raspberry;--;See;more;at:;http://tco/uQIi5cKjSK;http://tco/uF4Vs4akoe
mer. avr. 02 22:43:14 CEST 2014;@AvToR999;@All_RASPBERRY;good;nightT9
mer. avr. 02 22:43:05 CEST 2014;@mollaycannon;The;raspberry;cheesecake;cookies;at;subway;are;my;shit
mer. avr. 02 22:43:01 CEST 2014;@_Leexie;RT;@kierstypoo_96:;Can;someone;bring;me;a;blue;raspberry;slurpee;or
mer. avr. 02 22:43:00 CEST 2014;@HACKSIG;RT;@hackaday:;New;post:;Raspberry;Pi;Quake;III;Bounty;Claimed;http://tco/d6B12QZBXj
mer. avr. 02 22:43:00 CEST 2014;@Manya_Bieber;@All_RASPBERRY;–ü—Ä–∏—à—ë–ª;–Ω–∞–∑—ã–≤–∞–µ—Ç—Å—è;(;–°–ø–æ–∫–æ–π–Ω–æ–π;–Ω–æ—á–∫–∏;–ó–ê–Ø–¶)))
mer. avr. 02 22:43:00 CEST 2014;@CeCeSadist;#Noisepower;has;an;interesting;;#RaspberryPi;add-on;board;to;control;mains;wirelessly;Check;it;out;->;https://tco/NQUcUl9Eod
mer. avr. 02 22:42:47 CEST 2014;@raspberry_xxx;RT;@IrishFrappucino:;Nauczyciel;od;historii:;Kiciu;dlaczego;nie;przesiƒÖdziesz;siƒô;do;pierwszej;≈Çawki?;Nie;chcesz;siedzieƒá;obok;swojego;kocu‚Ä¶
mer. avr. 02 22:42:41 CEST 2014;@rossmckelvie;@StuPreston;yeah;cool;Neat;bit;of;kit;theres;a;pretty;cool;raspberry;pi;project;I;saw;a;bit;ago;with;asicminers;running;off;it
mer. avr. 02 22:42:35 CEST 2014;@YannVignolet;Razberry;:;Transformez;votre;Raspberry;en;serveur;de;domotique;http://tco/H7Jft93XUC;via;@feedly
mer. avr. 02 22:42:30 CEST 2014;@2kidsandacoupon;RT;@JustEnza:;Frozen;Inspired;Blue;Raspberry;Lemonade;Rice;Crispy;Treats;Recipe!;;#Recipe;-->;http://tco/ibE33mbsoL;http://tco/3I9FuHA3z7
mer. avr. 02 22:42:06 CEST 2014;@RecipeRadar;RT;@ReciPicks:;#Recipe:;Raspberry;Coulis;http://tco/vyMKSYSr1r
mer. avr. 02 22:41:58 CEST 2014;@tmlisbonita;Andr√©;Reis;sugere;Golden;Berry;para;esta;noite:2;cl;Edinburgh;Raspberry6;cl;Martin;Millers;Gin15;cl;Mel3;http://tco/1qpUsOlVnK
mer. avr. 02 22:41:58 CEST 2014;@Toqa_Gh;Howa;Raspberry;Ahmed;Tea;da;7elw;keda;lih?;da;7elw;b;ra5ama
mer. avr. 02 22:41:50 CEST 2014;@EllenLouiseVenn;fat;free;home;made;raspberry;blueberry;and;honey;smoothie;is;winning
mer. avr. 02 22:41:42 CEST 2014;@BigGangJuniors;RT;@RomeritoTheGame:;Raspberry;PI;Review;By;RelativeSoft;Tech;Blog;http://tco/aOBPHsObCg
mer. avr. 02 22:41:41 CEST 2014;@idk_michaela;Dr;B;made;mini;raspberry;blueberry;and;cherry;cheesecakes;for;our;bake;sale;:);http://tco/vfFE7PMgzM
mer. avr. 02 22:41:38 CEST 2014;@WLTHMarijuana;Cutting;Raspberry;Ripple;#Hemp;Oil;Silk;Soap;‚Äì;YouTube;http://tco/rT4SPGqBqx
mer. avr. 02 22:41:30 CEST 2014;@ginataliee;Raspberry;cake;;http://tco/j8M0G9hFLR
mer. avr. 02 22:41:22 CEST 2014;@seekender;RT;@RomeritoTheGame:;Raspberry;PI;Review;By;RelativeSoft;Tech;Blog;http://tco/JMP7fWr34S
mer. avr. 02 22:41:21 CEST 2014;@walkthegalaxy;i;am;covered;in;spilled;raspberry;vinaigrette;aka;a;sticky;ball;of;distress
mer. avr. 02 22:41:19 CEST 2014;@TheRaspberryJam;Good;evening;everybody;who;is;part;of;The;Raspberry;Jam;World;This;is;where;we;are;this;weekend:
mer. avr. 02 22:41:18 CEST 2014;@hendrewennol;So;not;just;eggs;-;but;what;if;we;added;Hendrewnnol;fruit;to;Chocolate;bars;too;these;have;Raspberry;in;the;http://tco/DVy3C9xxii
mer. avr. 02 22:41:13 CEST 2014;@Chynna_Town1211;Vanilla;Raspberry;banana;shake;üëå
mer. avr. 02 22:41:12 CEST 2014;@AvToR999;@All_RASPBERRY;good;hight
mer. avr. 02 22:41:05 CEST 2014;@Arties_Graphics;Lets;building;a;robot;and;take;over;the;world!;They;Told;me;theres;going;to;be;pie;#Raspberry;#Pi;@‚Ä¶;http://tco/neKWyQ5zCt
mer. avr. 02 22:41:01 CEST 2014;@Raspberry_FF14;@FF14_Ramuh;„Åì„Éº„Åï„Åæ„ÄÅ„ÅÇ„Çì„Åå„Å®„ÅÜ„Äú„ÄÇÂÜç„Ç¢„ÉÉ„Éó„ÄÅ„ÅäÂæÖ„Å°„Åó„Å¶„Åä„Çä„Åæ„Åô„ÄÇ„Åó„Å£„Åã„Åó„ÄÅ„Åã„Å£„Åì„Åà„Åà„Çè‚òÜ
mer. avr. 02 22:41:00 CEST 2014;@chateauhetloo;RT;@MO_HOTELS:;How;could;we;resist!;RT;@MO_BANGKOK:;Tonight‚Äôs;recommendation:;Mango;Raspberry;and;Mascarpone;√†;la;Lord;Jim‚Äôs;http://tco/‚Ä¶
mer. avr. 02 22:40:56 CEST 2014;@ReciPicks;#Recipe:;Raspberry;Coulis;http://tco/vyMKSYSr1r
mer. avr. 02 22:40:56 CEST 2014;@Nature500Suppl;Raspberry;Ketone:;It;helps;increase;the;rate;of;fat;burning;especially;for;those;with;high;fat;diets;http://tco/Rj3fg70mtS
mer. avr. 02 22:40:45 CEST 2014;@raspberry_xxx;RT;@BrooksBeau:;Tits
mer. avr. 02 22:40:41 CEST 2014;@SonomaBakingCo;Apricot;and;raspberry;danish;http://tco/UgwFIo9aIX
mer. avr. 02 22:40:39 CEST 2014;@All_RASPBERRY;—Å–ø–æ–∫–æ–π–Ω–æ–π;–Ω–æ—á–∏;–ª–µ–Ω—Ç–∞
mer. avr. 02 22:40:33 CEST 2014;@elitefatslayer;If;youve;heard;about;#raspberryketone;supplements;and;would;like;to;learn;more;then;this;is;a;MUST;read;http://tco/1KsQljN6jz;RT
mer. avr. 02 22:40:15 CEST 2014;@brittanyhndx;The;start;of;the;raspberry;ketones;in;a;kick;to;loose;a;stone;in;2;months;for;America!!
mer. avr. 02 22:40:13 CEST 2014;@stoddette;@flolilypage;twas;a;chocolate;and;raspberry;pavlova;tis;now;a;belly;roll!
mer. avr. 02 22:40:08 CEST 2014;@xXCindersELLAXx;Just;taken;white;choc;and;raspberry;blondies;out;the;oven;but;cant;eat;yet;as;its;too;hot!;üò´;#needfood;#smellssogood;#yummy
mer. avr. 02 22:40:07 CEST 2014;@JM4PTF_RasPi;JM4PTFs;Raspberry;Pi;CPU;temp=433C;;Room;temperature;20375;C;(;at;2014-04-03;05:40:02;+0900;)
mer. avr. 02 22:40:06 CEST 2014;@raspberry_xxx;RT;@Natkaxxx:;Polki;sƒÖ;uznawane;za;jedne;z;najbardziej;agresywnych;kobietWypierdalaj;z;tymi;bzdurami;bo;jak;ci;zapierdolƒô;to;tylko;ra‚Ä¶
mer. avr. 02 22:39:57 CEST 2014;@toddvic;tulip;tips;raspberry;ripple!;http://tco/J11AT09l1s
mer. avr. 02 22:39:53 CEST 2014;@gununu1098;Êµ∑Â§ñ„Çª„É¨„Éñ„Å´Â§ß‰∫∫Ê∞óÔºÅ„ÉÄ„Ç§„Ç®„ÉÉ„Éà„Çµ„Éó„É™„ÄÄ„É©„Ç∫„Éô„É™„Éº„Ç±„Éà„É≥„ÅÆÊúÄÂÆâÂÄ§„ÅØ„Åì„ÅìÔºÅ;http://tco/WshwMMZdZz
mer. avr. 02 22:39:31 CEST 2014;@CharlieAllen29;Raspberry;ripple;ice;cream;and;strawberry;milkshakeüëåüòä;http://tco/UqQMtWirCA
mer. avr. 02 22:39:27 CEST 2014;@NEllO_Montana;RT;@NUTRITlON:;Raspberry;&;lemon;water;http://tco/32NJZ1Syfj
mer. avr. 02 22:39:13 CEST 2014;@raspberry_xxx;RT;@LoveDraeming:;W;USA;CH≈ÅOPAK;WPADA;NA;DZIEWCZYNE;ZEBY;POM√ìG≈Å;JEJ;JE;PODNIE≈öƒÜ;KSIƒÑ≈ªKIU;NAS;CHLOPAK;CIE;POPCHNIE;ZEBY;SIE;Z;CIEBIE‚Ä¶
mer. avr. 02 22:38:46 CEST 2014;@McCHitman;Raspberry;Tart;rhymes;with;fart;Thereby;lending;the;name;raspberry;to;the;fart;noise;you;make;with;your;tongueThanks;Cockney;rhyming;slang
mer. avr. 02 22:38:33 CEST 2014;@loumay_;raspberry;lemonade;makin;me;feel;some;typa;waaaay
mer. avr. 02 22:38:21 CEST 2014;@sofiacobarr;Fruit;and;raspberry;iogo;yogurt;üòç
mer. avr. 02 22:38:13 CEST 2014;@__teeRAWaf;RT;@NUTRITlON:;Raspberry;&;lemon;water;http://tco/32NJZ1Syfj
mer. avr. 02 22:37:56 CEST 2014;@ryanteck;@ukscone;@clivebeale;@Raspberry_Pi;@MrAHeard;@cymplecy;@ben_nuttall;You;are;making;me;really;want;to;get;a;coffee;tomorrow
mer. avr. 02 22:37:42 CEST 2014;@Jjc23;Ah;they;worked!;‚ô•;#macaroons;#raspberry;#pink;#baking;#homemade;#jroons;#delicious;http://tco/1enKlDdZ9P
mer. avr. 02 22:37:39 CEST 2014;@IamTalia_x;Little;Ant;and;Little;Dec;are;too;funny!!!!!!;asking;the;mayor;what;a;raspberry;tart;is;and;doing;pump;noises;:);:);:)
mer. avr. 02 22:37:29 CEST 2014;@AnnaJahvs;@RominaDuffy;it;was;raspberry
mer. avr. 02 22:37:20 CEST 2014;@cathydalton;Have;just;eaten;FAR;too;much;chocolate;ice-cream;Sundae;with;raspberry;coulis;Like;being;9;again;Think;I;got;my;mitts;on;a;sundae;once
mer. avr. 02 22:37:10 CEST 2014;@TiaLeoniZanetti;dad;brought;in;a;box;of;raspberry;vanilla;chocolate;and;pistachio;macaroons;in;and;ive;already;ate;8
mer. avr. 02 22:37:03 CEST 2014;@Heart_Breaker89;‚Äú@DelisaAriana:;‚Äú@Heart_Breaker89:;I;think;Im;addicted;to;raspberry;sherbet‚Äù<Haagen;Dazs;mango;üôå;A1‚Äù;ooh;mango;sounds;gooood!!!
mer. avr. 02 22:37:00 CEST 2014;@Flatbreadbtv;Tonights;featured;dessert:;Housemade;chocolate;&;almond;raspberry;mousse;served;with;a;vanilla;tuile;cookie;$7-;Yum!;http://tco/eTc4sWGnoZ
mer. avr. 02 22:36:59 CEST 2014;@sempiternalr0se;Someone;be;fab;and;get;raspberry;Ive;tea;with;me;on;Saturday;o:
mer. avr. 02 22:36:50 CEST 2014;@zedomax;How;to;Make;Stackable;Tower;Gridseed;Rig;with;Raspberry;Pi!:;http://tco/MeMpYmJkly;via;@YouTube
mer. avr. 02 22:36:50 CEST 2014;@zedomax;I;added;a;video;to;a;@YouTube;playlist;http://tco/MeMpYmJkly;How;to;Make;Stackable;Tower;Gridseed;Rig;with;Raspberry;Pi!
mer. avr. 02 22:36:42 CEST 2014;@colorfulpastel;Raspberry;pi„Å´OpenELEC„Ç§„É≥„Çπ„Éà„Éº„É´„Åó„Åü„ÇâMP4„Éï„Ç°„Ç§„É´„Å®„Åã„ÅØÂÜçÁîü„Åß„Åç„Åü„ÄÇ
mer. avr. 02 22:36:41 CEST 2014;@PrincethorpeDT;@PCCoCurricular;now;we;have;the;@Raspberry_Pi;working;with;the;pi;face;running;in;20;mins;tonight!!;http://tco/jPZzd000dO
mer. avr. 02 22:36:32 CEST 2014;@Healthy29887477;Thinking;about;taking;raspberry;ketone;supplements?;Read;this;first;http://tco/qVbFHcDJlw
mer. avr. 02 22:36:06 CEST 2014;@iam_Terrance22;Raspberry;Lemonade>>
mer. avr. 02 22:35:44 CEST 2014;@GornickiMichal;@Raspberry_Pi;here;is;my;little;set;up;Plan;is;to;learn;to;code;with;my;kid;http://tco/2z1CEpbTVT
mer. avr. 02 22:35:28 CEST 2014;@mamato3blessing;RT;@JustEnza:;Frozen;Inspired;Blue;Raspberry;Lemonade;Rice;Crispy;Treats;Recipe!;;#Recipe;-->;http://tco/ibE33mbsoL;http://tco/3I9FuHA3z7
mer. avr. 02 22:35:19 CEST 2014;@Mackiatoe;RT;@WIRED:;This;$200;Raspberry;Pi;box;could;have;saved;Mt;Gox;http://tco/CYNFvofoRU;http://tco/rGnrEqHGcn
mer. avr. 02 22:35:18 CEST 2014;@bloggingmomof4;RT;@JustEnza:;Frozen;Inspired;Blue;Raspberry;Lemonade;Rice;Crispy;Treats;Recipe!;;#Recipe;-->;http://tco/ibE33mbsoL;http://tco/3I9FuHA3z7
mer. avr. 02 22:35:17 CEST 2014;@SerenaJo23;RT;@kenzwillingham:;I;cant;stand;the;taste;or;smell;of;anything;blue;raspberry;flavored;like;it;repulsive;to;me;and;makes;me;sick
mer. avr. 02 22:35:16 CEST 2014;@draziraphale;RT;@CoderDojo_Gorey:;@jesskellynt;Jessica;will;be;interviewing;@EbenUpton;creator;of;@Raspberry_Pi;tomorrow;evening;Science;Gallery;If;h‚Ä¶
mer. avr. 02 22:35:10 CEST 2014;@DelisaAriana;‚Äú@Heart_Breaker89:;I;think;Im;addicted;to;raspberry;sherbet‚Äù<Haagen;Dazs;mango;üôå;A1
mer. avr. 02 22:35:10 CEST 2014;@jesskellynt;RT;@CoderDojo_Gorey:;@jesskellynt;Jessica;will;be;interviewing;@EbenUpton;creator;of;@Raspberry_Pi;tomorrow;evening;Science;Gallery;If;h‚Ä¶
mer. avr. 02 22:34:51 CEST 2014;@CharlesMcKeever;Join;Mondays;discussion;on;Raspberry;Pi;development;with;@jenlooper;and;Particle;Editing;with;@emaurina;http://tco/nbed7xDTWc;#coronasdk
mer. avr. 02 22:34:39 CEST 2014;@Char_567;Falling;asleep;at;21:30;knackered;from;a;day;in;the;poly;tunnels;with;my;raspberry;buds;#stillbetterthanbeingatownie;http://tco/nMohDdG7Pm
mer. avr. 02 22:34:37 CEST 2014;@Naayysshhaa;RT;@Kate_Nichole916:;@Naayysshhaa;vanilla;bean;frappe;with;4;pumps;of;raspberry;Thanks
mer. avr. 02 22:34:30 CEST 2014;@JadedArcourt;RT;@MO_HOTELS:;How;could;we;resist!;RT;@MO_BANGKOK:;Tonight‚Äôs;recommendation:;Mango;Raspberry;and;Mascarpone;√†;la;Lord;Jim‚Äôs;http://tco/‚Ä¶
mer. avr. 02 22:34:06 CEST 2014;@groceryoffer;#10:;Joyva;Raspberry;Joys;(36;count);Joyva;Raspberry;Joys;(36;count)by;Unknown(4)Buy;;http://tco/J0KGP2EFYk;http://tco/1Wbzlb10n4
mer. avr. 02 22:33:58 CEST 2014;@SkeeterAndScout;Wear;a;white;skirt;I;said;Drink;a;raspberry;juice;for;breakfast;I;did;You;can;guess;what;happened;next;#Yikes;#clumsy
mer. avr. 02 22:33:52 CEST 2014;@Kate_Nichole916;@Naayysshhaa;vanilla;bean;frappe;with;4;pumps;of;raspberry;Thanks
mer. avr. 02 22:33:36 CEST 2014;@KateKilgannon;RT;@RaspPiBeginners:;Checked;out;the;new;@Raspberry_Pi;website;design;Looks;awesome!!;Seriously;really;modern;simple;but;functional;#wel‚Ä¶
mer. avr. 02 22:33:23 CEST 2014;@princessssspock;who;was;the;guy;who;made;a;fart;noise;with;his;tongue;and;was;like;yo;man;i;think;ill;call;that;blowing;a;raspberry
mer. avr. 02 22:33:17 CEST 2014;@legitdanielle;@DMFsPEN15;cotton;candy;frappuccino;((vanilla;bean;and;raspberry;syrup))
mer. avr. 02 22:33:15 CEST 2014;@97amaral97;RT;@GPerri11:;Raspberry;lemonades;make;me;happy;#sogood
mer. avr. 02 22:33:14 CEST 2014;@HashT4gNomNom;RT;@RiojaPlease:;Sandwich;time!!;Peanut;butter;Raspberry;jam;cheese;and;banana!;#nomnom
mer. avr. 02 22:33:02 CEST 2014;@BambolaBambina;Photo:;mucci5:;These;adorable;little;Coconut;and;Raspberry;Swirl;Cookies;are;perfect;with;tea;I‚Äôm;more;of;http://tco/zHQZgkPdA6
mer. avr. 02 22:32:56 CEST 2014;@kenzwillingham;I;cant;stand;the;taste;or;smell;of;anything;blue;raspberry;flavored;like;it;repulsive;to;me;and;makes;me;sick
mer. avr. 02 22:32:52 CEST 2014;@Heart_Breaker89;I;think;Im;addicted;to;raspberry;sherbet
mer. avr. 02 22:32:47 CEST 2014;@finnesikkemer;A;piece;of;egg;omelette;from;yesterday;and;a;rice;cake;with;goat;cheese;and;raspberry;jamüòäAnd;YES‚Ä¶;http://tco/s2vIlCSu4t
mer. avr. 02 22:32:43 CEST 2014;@princessssspock;*blows;a;raspberry*
mer. avr. 02 22:32:21 CEST 2014;@Seitz_24;RT;@joshklingler:;however;you;type;the;raspberry;sound;you;make;with;your;lips;#royals
mer. avr. 02 22:32:19 CEST 2014;@SpinningGwenny;@ShaggyCoe;For;sure;So;noisy;Unsettling;at;bedtime;Have;raspberry;canes;need;planting;too;Not;tomorrow
mer. avr. 02 22:32:11 CEST 2014;@tuxmachines;Raspberry;Pi;as;an;Audio/Media;Center:;the;best;Linux;distros;http://tco/zWC5TQ99qC
mer. avr. 02 22:31:40 CEST 2014;@virtualhomemade;Virtually;Homemade:;Lemon;Cupcakes;with;Fresh;Raspberry;Buttercream;Frosting;and;Raspberry;Curd;A;b;http://tco/FFk0kpuTmG
mer. avr. 02 22:31:37 CEST 2014;@JGipp3;RT;@joshklingler:;however;you;type;the;raspberry;sound;you;make;with;your;lips;#royals
mer. avr. 02 22:31:28 CEST 2014;@Dayshielle;RT;@NUTRITlON:;Raspberry;&;lemon;water;http://tco/32NJZ1Syfj
mer. avr. 02 22:31:26 CEST 2014;@joshklingler;however;you;type;the;raspberry;sound;you;make;with;your;lips;#royals
mer. avr. 02 22:31:12 CEST 2014;@nikki2kids;@Fruits_Veggies;Q5;we;usually;plant;cukes;tomatoes;and;green;onions;plus;we;have;a;huge;raspberry;bush;#NewBeginnings
mer. avr. 02 22:31:02 CEST 2014;@Pauly_Dawg;This;Brisk;Raspberry;Tea;some;kill;doe;üëå
mer. avr. 02 22:30:55 CEST 2014;@LuLusYogurt;Celebrate;Peanut;Butter;&;Jelly;day;at;#lulusyogurt;with;Peanut;Butter;yogurt;a;drizzle;of;raspberry;sauce;http://tco/QyU4WYqUhp
mer. avr. 02 22:30:51 CEST 2014;@missingvvolf;Audio:;Dream;Pop/Emo;from;London;Ontario;Free;Digital;Download:;Nascent;Meadows;by;The;Raspberry;Heaven;http://tco/7pMw6Eivz9
mer. avr. 02 22:30:36 CEST 2014;@GPerri11;Raspberry;lemonades;make;me;happy;#sogood
mer. avr. 02 22:30:34 CEST 2014;@MO_HOTELS;How;could;we;resist!;RT;@MO_BANGKOK:;Tonight‚Äôs;recommendation:;Mango;Raspberry;and;Mascarpone;√†;la;Lord;Jim‚Äôs;http://tco/zJ3wWh2cOm
mer. avr. 02 22:30:20 CEST 2014;@_pyramidz;@hmtwine;Ive;had;it;before;lol;its;like;a;raspberry;tea;with;no;sugar
mer. avr. 02 22:30:18 CEST 2014;@Rach_Allcoat;RT;@NUTRITlON:;Raspberry;&;lemon;water;http://tco/32NJZ1Syfj
mer. avr. 02 22:30:13 CEST 2014;@PeterZagone;The;perfect;Raspberry;Pi;case;for;your;living;room!!/http://tco/NRxk0okfTehttp://tco/0ulIuhbFYm
mer. avr. 02 22:30:12 CEST 2014;@Clairerio;And;we;won;the;pub;quiz!!;Good;end;to;a;long;day!!;Thhrrrrarrp;(;thats;a;raspberry);Sarah;;Lewis;;:-);haha;Im;sure;youll;get;me;back!
mer. avr. 02 22:30:09 CEST 2014;@CoderDojo_Gorey;@jesskellynt;Jessica;will;be;interviewing;@EbenUpton;creator;of;@Raspberry_Pi;tomorrow;evening;Science;Gallery;If;http://tco/bDXVWzidZo
mer. avr. 02 22:30:09 CEST 2014;@rpbry;Uptime:;21;days;2:10:44360000;Ambient:;9625;¬∞C;CPU:;471;¬∞C;Powered;by;Raspberry;Pi
mer. avr. 02 22:30:06 CEST 2014;@aarikashley;Ewww;they;didnt;have;anymore;raspberry;üò´üíî;so;Ill;have;to;settle;with;the;sick;shit;http://tco/JVvYmwo5He
mer. avr. 02 22:30:06 CEST 2014;@HaWorldOnline;Bringing;Star;Trek;to;life:;LCARS;home;automation;with;Arduino;and;Raspberry;Pi¬´;adafruit;industries;blog;http://tco/7DP5Im8Ihj
mer. avr. 02 22:30:04 CEST 2014;@Solar_Raspberry;02/04/2014;20:30:03;-;Battery;Voltage;=;1192V
mer. avr. 02 22:29:54 CEST 2014;@yunghermit;Damn;the;raspberry;ice;cream;nobody;ate;on;saturday;so;slept;on
mer. avr. 02 22:29:42 CEST 2014;@shorelocal34;RT;@luckysdoughnuts:;Yo!;Peanut;butter;and;jelly;cake;2;ways-;peanut;butter;chip;cake;doughnut;with;raspberry;jam;glaze‚Ä¶;http://tco/fD7LQ‚Ä¶
mer. avr. 02 22:29:33 CEST 2014;@CeCeSadist;This;looks;interesting;->;Wireless;mains;control;raspberry;pi;add;on;board;https://tco/NQUcUl9Eod
mer. avr. 02 22:29:29 CEST 2014;@kaveinthran;When;Raspberry;Pi;Isnt;Enough:;Behold;the;Open;Source;Laptop;http://tco/ynW318JebW;Raspberry;Pi;made;wave;http://tco/PJMCmtg6Ko
mer. avr. 02 22:29:11 CEST 2014;@TheBeerBoxSRQ;On;Tap!;Kellys;Raspberry;Cider!(packaged;in;Melbourne;FL);http://tco/qB7kJd0EAO
mer. avr. 02 22:29:09 CEST 2014;@TheBeerBoxSRQ;On;Tap!;Kellys;Raspberry;Cider!(packaged;in;Melbourne;FL);http://tco/TJoQQSXuV9
mer. avr. 02 22:28:00 CEST 2014;@Taxpayerstarter;Next;tweet;is;an;interesting;Taxpayer-funded;government;agency;for;a;raspberry;pi;add-on;board
mer. avr. 02 22:28:00 CEST 2014;@CeCeSadist;Next;tweet;is;an;interesting;Kickstarter;for;a;raspberry;pi;add-on;board
mer. avr. 02 22:27:36 CEST 2014;@_spackett;You;are;like;raspberry;lemonadeI;like;raspberry;lemonade
mer. avr. 02 22:27:29 CEST 2014;@smihaylov;@velqn;–°—É–ø–µ—Ä;–º–µ—Ä—Å–∏!;–¢–∞–∫–æ–≤–∞;–º–∏—Å–ª–µ—Ö;–¥–∞;—Å–∏;–ø—Ä–∞–≤—è;—Å;–µ–¥–Ω–æ;Raspberry-PI;–∞–º–∞;—Ç–æ–≤–∞;–∏–∑–≥–ª–µ–∂–¥–∞;—Å—É–ø–µ—Ä
mer. avr. 02 22:27:21 CEST 2014;@RosieRainbowSky;@prys_ds;the;raspberry;one;üëå;http://tco/cu0OfXAgzO
mer. avr. 02 22:27:01 CEST 2014;@Red_Razz;@US_Apples;Mmmlooks;ah-mazing!;Were;salad;lovers;too!;http://tco/RQKRuKGnQd;#NewBeginnings
mer. avr. 02 22:26:41 CEST 2014;@mala_rajput;@mashable;I;m;a;big;fan;of;the;Raspberry;pi;but;this;is;interesting;too;want;more;info
mer. avr. 02 22:26:25 CEST 2014;@PedroDaunito;@Kate__Raspberry;–ø–∞—Å–∏–∏–∏–±–æ^^
mer. avr. 02 22:26:24 CEST 2014;@duke562;Starbucks;ice;coffee;with;raspberry;and;half;and;half!;My;favorite!!!!;[pic];‚Äî;https://tco/9BKjQeVy44
mer. avr. 02 22:26:17 CEST 2014;@Insta_RaspPi;http://tco/0Ao60IdM2I;-;–í–æ—Ç;–∏;–Ω–∞—à–ª–æ—Å—å;–ø—Ä–∏–º–µ–Ω–µ–Ω–∏–µ;raspberry;pi;#raspberrypi;#lakka;http://tco/5bX4bn8EjC;http://tco/UZLJFNtk34
mer. avr. 02 22:26:15 CEST 2014;@ZacharyIgielman;@Raspberry_Pi;redesigned;forum;and;contributing;my;own;material;Well;done;to;all;the;team;good;job;#blamenuttall;@ben_nuttall
mer. avr. 02 22:26:08 CEST 2014;@PedroDaunito;@Kate__Raspberry;–∞—Ö—Ö–∞—Ö–∞;–Ω—É;—Å–ø–∞—Å–∏–±–æ))
mer. avr. 02 22:26:05 CEST 2014;@shellyhoecakes;Pad;Thai;with;tofu;and;a;raspberry;diet;coke;from;noodles;and;company;:-)
mer. avr. 02 22:26:05 CEST 2014;@Kat4Obama;RT;@ObamaFoodorama:;The;fruit;pie-loving;POTUS;will;soon;have;some;raspberry;pie:;These;bushes;are;in;@WhiteHouse;Kitchen;Garden;http://tc‚Ä¶
mer. avr. 02 22:26:01 CEST 2014;@biglesp;RT;@clivebeale:;St;Marys;CE;Primary:;winners;of;#PiAwardsPA;Years;4-6;category;with;their;@raspberry_pi;powered;recycling;robot;http://tc‚Ä¶
mer. avr. 02 22:25:45 CEST 2014;@KrishS22;Blue;raspberry;limeadeüëå
mer. avr. 02 22:25:35 CEST 2014;@Maaaryashley;RT;@NUTRITlON:;Raspberry;&;lemon;water;http://tco/32NJZ1Syfj
mer. avr. 02 22:25:34 CEST 2014;@CTA_Group_;Listen;to;@CTAjenpadgett;&;Raspberry;Pi;CEO;@EbenUpton;s;interview;on;@biotechnation;;http://tco/0nL7sVyugU
mer. avr. 02 22:25:33 CEST 2014;@mala_rajput;When;Raspberry;Pi;Isnt;Enough:;Behold;the;Open;Source;Laptop;http://tco/a0EcxofiQn;via;@mashable
mer. avr. 02 22:25:30 CEST 2014;@seguetech;The;@Raspberry_Pi;is;a;@Linux-based;low;powered;single;board;computer;Learn;more;about;it;here:;http://tco/X4O8SHWyvO
mer. avr. 02 22:25:24 CEST 2014;@Reina_Cookie;@binoftrash1;@spyguylps;@NaviaSkies;raspberry;is;actually;really;good
mer. avr. 02 22:25:11 CEST 2014;@ZacharyIgielman;The;new;@Raspberry_Pi;website;is;brilliant;Sleek;design;(nearly;as;good;as;yesterday);and;great;fetuses;Look;forward;to;jam;section;<cont>
mer. avr. 02 22:24:54 CEST 2014;@Demetre39784603;RT;@alexasteele:;My;baby;boy;when;he;was;a;little;raspberry;stealing;trouble;maker;‚ù§Ô∏è;http://tco/K9nFjvNRAB
mer. avr. 02 22:24:50 CEST 2014;@OfficialRSUK;We;are;Raspberry;Strategy;UK;If;you;would;like;to;see;the;videos;we;make;click;the;link;in;the;description;and;make;sure;to;subscribe;:D
mer. avr. 02 22:24:47 CEST 2014;@smwwin;RT;@JustEnza:;Frozen;Inspired;Blue;Raspberry;Lemonade;Rice;Crispy;Treats;Recipe!;;#Recipe;-->;http://tco/ibE33mbsoL;http://tco/3I9FuHA3z7
mer. avr. 02 22:24:46 CEST 2014;@grierxx;RT;@Citrus_Panda:;–ù–µ–¥–∞–≤–Ω–æ;–ø—Ä–æ—Å—Ä–∞–Ω–Ω—ã–π;22k;–ø–æ—Å–≤—è—â–∞—é;@All_RASPBERRY;@MOPO3_;@RNaumov97;@LeshaKarpov_;@grierxx;‚ù§
mer. avr. 02 22:24:14 CEST 2014;@JustJulie_G;You;pregnant;?!;#boke;lol;RT;@RiojaPlease:;Sandwich;time!!;Peanut;butter;Raspberry;jam;cheese;and;banana!;#nomnom
mer. avr. 02 22:24:06 CEST 2014;@katiemfb;@kappley;Ive;made;about;6;different;boxes;I;think;Raspberry;lemon;&;the;ever;popular;Fruit;Fiesta
mer. avr. 02 22:24:00 CEST 2014;@kevin_allen29;RT;@KayMcGrath39:;‚Äú@UberFacts:;Today;is;National;Peanut;Butter;and;Jelly;Day!;http://tco/vKlcLBRxwt‚Äù;@kevin_allen29;with;seedless;raspberr‚Ä¶
mer. avr. 02 22:23:41 CEST 2014;@KayMcGrath39;‚Äú@UberFacts:;Today;is;National;Peanut;Butter;and;Jelly;Day!;http://tco/vKlcLBRxwt‚Äù;@kevin_allen29;with;seedless;raspberry;jelly?
mer. avr. 02 22:23:40 CEST 2014;@RT_Farty;Ice;cream;sprinkles;&;raspberry;sauce
